{
  "model": "SyntheticDiff-in-Diff",
  "metric": "preprocessed_orders_per_courier",
  "summary": [
    {
      "effect_size": 0.05,
      "type1_error": 0.03333333333333333,
      "type2_error": 0.9444444444444444,
      "mean_se": 1.082905726565009
    },
    {
      "effect_size": 0.1,
      "type1_error": 0.03333333333333333,
      "type2_error": 0.5888888888888889,
      "mean_se": 1.082905726565009
    },
    {
      "effect_size": 0.15,
      "type1_error": 0.03333333333333333,
      "type2_error": 0.2777777777777778,
      "mean_se": 1.082905726565009
    },
    {
      "effect_size": 0.2,
      "type1_error": 0.03333333333333333,
      "type2_error": 0.05555555555555555,
      "mean_se": 1.082905726565009
    }
  ]
}