{
  "model": "SyntheticDiff-in-Diff",
  "metric": "preprocessed_distance",
  "summary": [
    {
      "effect_size": 0.05,
      "type1_error": 0.1,
      "type2_error": 0.7111111111111111,
      "mean_se": 0.04137806664900687
    },
    {
      "effect_size": 0.1,
      "type1_error": 0.1,
      "type2_error": 0.03333333333333333,
      "mean_se": 0.04137806664900687
    },
    {
      "effect_size": 0.15,
      "type1_error": 0.1,
      "type2_error": 0.0,
      "mean_se": 0.04137806664900687
    },
    {
      "effect_size": 0.2,
      "type1_error": 0.1,
      "type2_error": 0.0,
      "mean_se": 0.04137806664900687
    }
  ]
}